{"loss": 847.5768, "reconstruct_loss": 843.861, "kl_loss": 3.7159, "_timestamp": 1709777552.512168, "_runtime": 10.186779022216797, "_step": 0, "_wandb": {"runtime": 9}}