{"loss": 744.348, "reconstruct_loss": 740.8881, "kl_loss": 3.4598, "_timestamp": 1709777893.733378, "_runtime": 254.7372009754181, "_step": 179, "_wandb": {"runtime": 262}}